url;Publishing Date;Title / Article;Author
https://thecorrespondent.com/15/puff-pass-and-empower-finding-a-place-for-people-in-big-marijuana/16464148140-8b3e39c4;2019-10-29T16:31:27+00:00;Puff, pass, and empower: finding a place for people in Big Marijuana;Zoe Smith
https://thecorrespondent.com/16/what-happens-when-pain-is-a-womens-issue/17546995136-723e2dac;2019-10-28T11:00:02+00:00;What happens when pain is a ‘women’s issue’;Rachael Revesz
https://thecorrespondent.com/17/our-problems-dont-stop-at-the-border-so-why-should-journalism/396713955-0e0b476f;2019-09-30T09:55:13+00:00;Our problems don’t stop at the border. So why should journalism?;Rob Wijnberg
https://thecorrespondent.com/18/why-we-let-you-decide-your-own-membership-fee-at-the-correspondent/420050070-f2df2c26;2019-09-30T09:55:02+00:00;Why we let you decide your own membership fee at The Correspondent;Rob Wijnberg
https://thecorrespondent.com/19/heres-how-our-correspondents-make-their-journalism-more-collaborative/443386185-65a750dc;2019-09-30T09:55:05+00:00;Here’s how our correspondents make their journalism more collaborative;Rob Wijnberg
https://thecorrespondent.com/20/why-the-correspondent-is-founded-on-the-idea-of-progress/466722300-9d8c1c26;2019-09-30T09:55:09+00:00;Why The Correspondent is founded on the idea of progress;Rob Wijnberg
https://thecorrespondent.com/21/why-we-want-our-journalists-to-be-open-about-their-worldview/490058415-869dc37b;2019-09-30T09:55:07+00:00;Why we want our journalists to be open about their worldview;Rob Wijnberg
https://thecorrespondent.com/22/the-problem-with-real-news-and-what-we-can-do-about-it/513394530-b84c1be3;2019-09-30T09:55:04+00:00;The problem with real news, and what we can do about it;Rob Wijnberg
https://thecorrespondent.com/23/bookmark-this-the-war-on-sex-work-and-five-other-stories-you-ought-to-read/188636800-c71ea968;2019-10-11T22:00:02+00:00;Bookmark this! The war on sex work – and five other stories you ought to read;Eliza Anyangwe
https://thecorrespondent.com/25/why-im-joining-as-the-othering-correspondent/3309473750-6993a529;2019-09-30T09:55:08+00:00;Why I’m joining as the Othering correspondent;OluTimehin Adegbeye
https://thecorrespondent.com/26/why-im-joining-as-the-sanity-correspondent/3441985976-68011a91;2019-09-30T09:55:10+00:00;Why I’m joining as the Sanity correspondent;Tanmoy Goswami
https://thecorrespondent.com/27/why-im-joining-as-the-climate-correspondent/3574439253-3b9bc37d;2019-09-30T09:55:06+00:00;Why I’m joining as the Climate correspondent;Eric Holthaus
https://thecorrespondent.com/28/why-im-joining-as-the-better-politics-correspondent/30007829544-5c43fcd9;2019-09-30T09:55:11+00:00;Why I’m joining as the Better Politics correspondent;Nesrine Malik
https://thecorrespondent.com/30/why-im-joining-as-managing-editor/246048000-06f07d03;2019-09-30T09:55:01+00:00;Why I’m joining as managing editor;Eliza Anyangwe
https://thecorrespondent.com/31/a-peek-into-the-correspondents-launch-budget/254249600-107362bb;2019-09-30T09:55:00+00:00;A peek into The Correspondent’s launch budget;Eliza Anyangwe
https://thecorrespondent.com/32/the-past-is-still-present-why-colonialism-deserves-better-coverage/34856800000-34372b68;2019-10-09T10:00:03+00:00;The past is still present: why colonialism deserves better coverage;Elliot Ross
https://thecorrespondent.com/33/the-stick-figure-on-the-door-unconscious-ways-we-exclude-each-other/4368505350-e7608bda;2019-09-30T09:55:20+00:00;The stick figure on the door: unconscious ways we exclude each other;OluTimehin Adegbeye
https://thecorrespondent.com/34/climate-change-is-about-how-we-treat-each-other/4501145726-d1cba5b1;2019-09-30T09:55:22+00:00;Climate change is about how we treat each other;Eric Holthaus
https://thecorrespondent.com/35/eat-play-love-just-how-much-are-you-shaped-by-your-first-1-000-days-of-life/4633352955-a528f3c8;2019-09-30T09:55:21+00:00;Eat, play, love: Just how much are you shaped by your first 1,000 days of life?;Irene Caselli
https://thecorrespondent.com/36/hows-your-mind-the-quest-for-new-ways-to-talk-about-mental-illness/4765826736-bc7cb667;2019-09-30T09:55:19+00:00;‘How’s your mind?’ The quest for new ways to talk about mental illness;Tanmoy Goswami
https://thecorrespondent.com/37/unbreaking-news-today-we-launch-the-correspondent/863436255-7c18590a;2019-09-30T09:55:18+00:00;Unbreaking news: Today, we launch The Correspondent!;Rob Wijnberg
https://thecorrespondent.com/38/meet-our-sanity-correspondent-tanmoy-goswami/5030594888-3e6f99b9;2019-09-30T09:55:17+00:00;Meet our Sanity correspondent, Tanmoy Goswami;Tanmoy Goswami
https://thecorrespondent.com/39/meet-our-first-1-000-days-correspondent-irene-caselli/5162879007-ec1ba64f;2019-09-30T09:55:14+00:00;Meet our First 1,000 Days correspondent, Irene Caselli;Irene Caselli
https://thecorrespondent.com/40/meet-our-othering-correspondent-olutimehin-adegbeye/5295158000-4f048835;2019-09-30T09:55:16+00:00;Meet our Othering correspondent, OluTimehin Adegbeye;OluTimehin Adegbeye
https://thecorrespondent.com/41/meet-our-climate-correspondent-eric-holthaus/5427852199-1ed964ca;2019-09-30T09:55:15+00:00;Meet our Climate correspondent, Eric Holthaus;Eric Holthaus
https://thecorrespondent.com/42/pitch-us-get-your-work-published-by-the-correspondent/344467200-95a84659;2019-09-30T09:55:12+00:00;Pitch us! Get your work published by The Correspondent;Eliza Anyangwe
https://thecorrespondent.com/44/callout-how-are-you-living-through-climate-change/5825012116-70e8d3eb;2019-10-01T15:44:52+00:00;Callout: How are you living through climate change?;Eric Holthaus
https://thecorrespondent.com/45/callout-share-your-earliest-memories-with-me/5957168085-2ffafaa2;2019-10-01T15:40:09+00:00;Callout: Share your earliest memories with me;Irene Caselli
https://thecorrespondent.com/46/callout-are-you-an-expert-working-on-guilt/6089667496-5ec1d733;2019-10-01T15:33:05+00:00;Callout: Are you an expert working on guilt?;Tanmoy Goswami
https://thecorrespondent.com/47/callout-join-the-other-shelf-our-first-book-club/6221810650-709d76ba;2019-10-01T15:37:09+00:00;Callout: Join ‘The Other Shelf’, our first book club;OluTimehin Adegbeye
https://thecorrespondent.com/50/my-mission-as-your-conversation-editor-doing-journalism-with-you-not-just-for-you/6619588250-64eb7de9;2019-10-02T11:53:04+00:00;My mission as your conversation editor: doing journalism with you, not just for you;Nabeelah Shabbir
https://thecorrespondent.com/51/community-guidelines-9-ways-to-ensure-constructive-contributions/6751980015-7b2ec685;2019-10-02T11:52:35+00:00;Community guidelines: 9 ways to ensure constructive contributions;Nabeelah Shabbir
https://thecorrespondent.com/52/were-all-going-to-die/6883705400-f8e052b5;2019-10-04T12:22:40+00:00;We’re all going to die;OluTimehin Adegbeye
https://thecorrespondent.com/53/politics-is-failing-but-human-networks-could-show-us-how-to-fix-it/56800534494-c403cd73;2019-10-03T11:26:31+00:00;Politics is failing, but human networks could show us how to fix it;Nesrine Malik
https://thecorrespondent.com/54/artificial-intelligence-is-more-human-than-it-seems-so-whos-behind-it/7142096808-f7a45fed;2019-10-07T03:45:03+00:00;Artificial intelligence is more human than it seems. So who’s behind it?;Sanne Blauw
https://thecorrespondent.com/55/everyones-talking-about-artificial-intelligence-but-what-is-it/7274357860-5fb73e06;2019-10-07T03:45:02+00:00;Everyone’s talking about artificial intelligence. But what is it?;Sanne Blauw
https://thecorrespondent.com/56/callout-are-you-working-on-machine-learning-if-so-id-love-to-hear-from-you/7406618912-e65cf52c;2019-10-07T03:45:02+00:00;Callout: Are you working on machine learning? If so, I’d love to hear from you!;Sanne Blauw
https://thecorrespondent.com/57/to-fly-or-not-to-fly/7546038423-84da1542;2019-10-04T15:39:47+00:00;To fly or not to fly;Eric Holthaus
https://thecorrespondent.com/58/the-benevolence-of-unquiet-minds/7678276408-66db78d2;2019-10-07T16:21:17+00:00;The benevolence of unquiet minds;Tanmoy Goswami
https://thecorrespondent.com/59/laughter-in-the-childrens-hospital/7810509267-75cce241;2019-10-08T15:00:02+00:00;Laughter in the children’s hospital;Irene Caselli
https://thecorrespondent.com/60/why-cant-we-remember-our-earliest-years/7942890780-d990ed86;2019-10-08T10:22:40+00:00;Why can’t we remember our earliest years?;Irene Caselli
https://thecorrespondent.com/61/update-on-greta-thunberg-article/8075584979-956d0542;2019-10-10T10:00:04+00:00;Update on Greta Thunberg article;Eric Holthaus
https://thecorrespondent.com/62/labels-in-philadelphia/8207494900-a7602e63;2019-10-11T15:00:02+00:00;Labels in Philadelphia;OluTimehin Adegbeye
https://thecorrespondent.com/63/mental-health-isnt-a-contest/8340196788-2de9640c;2019-10-10T10:00:03+00:00;Mental health isn’t a contest;Tanmoy Goswami
https://thecorrespondent.com/65/how-to-say-black-without-saying-black/8604964940-82876af5;2019-10-14T15:00:02+00:00;How to say black without saying black;Tanmoy Goswami
https://thecorrespondent.com/66/finding-popularity-in-the-face-of-prejudice/71805541104-90667f4d;2019-10-15T10:00:03+00:00;Finding popularity in the face of prejudice;Felipe Maia Ferreira
https://thecorrespondent.com/67/a-global-conversation-with-young-climate-activists/8870248255-d22121aa;2019-10-17T10:00:03+00:00;A global conversation with young climate activists;Nabeelah Shabbir
https://thecorrespondent.com/68/what-do-we-do-with-our-colonial-relics/74070700000-d6282900;2019-10-14T10:00:03+00:00;What do we do with our colonial relics?;Elliot Ross
https://thecorrespondent.com/69/bouncing-around/9134324397-973c43b9;2019-10-15T15:00:02+00:00;Bouncing around;Irene Caselli
https://thecorrespondent.com/70/an-athenian-remedy-the-rise-fall-and-possible-rebirth-of-democracy/267859130-689a1a1a;2019-10-16T10:00:02+00:00;An Athenian remedy: the rise, fall and possible rebirth of democracy;Patrick Chalmers
https://thecorrespondent.com/71/banking-on-ai-to-fix-all-our-problems-hate-to-disappoint-you/9390534692-c20e6a6d;2019-10-17T10:00:04+00:00;Banking on AI to fix all our problems? Hate to disappoint you;Sanne Blauw
https://thecorrespondent.com/72/rage-filled-with-love/9531838008-e2e20f64;2019-10-17T15:00:02+00:00;“Rage, filled with love.”;Eric Holthaus
https://thecorrespondent.com/73/can-guilt-and-shame-ever-be-positive/9664037548-485c0f69;2019-10-18T10:00:03+00:00;Can guilt and shame ever be positive?;Tanmoy Goswami
https://thecorrespondent.com/74/on-tindering-at-conferences-and-the-hype-around-ai/9787317848-831bdef5;2019-10-17T14:18:56+00:00;On Tindering at conferences and the hype around AI;Sanne Blauw
https://thecorrespondent.com/75/too-many-graves/9928421250-20febe3a;2019-10-18T15:00:02+00:00;Too Many Graves;OluTimehin Adegbeye
https://thecorrespondent.com/76/tracking-the-european-unions-migration-millions/10050866012-aa37e0cb;2019-10-21T10:12:01+00:00;Tracking the European Union’s migration millions;Maite Vermeulen
https://thecorrespondent.com/77/bookmark-this-journey-to-the-microcosmos-and-five-other-stories-for-your-weekend/631523200-8df9031d;2019-10-18T15:00:04+00:00;Bookmark this! Journey to the microcosmos – and five other stories for your weekend;Eliza Anyangwe
https://thecorrespondent.com/78/hunger-and-unhappiness/10325957928-3a2443c7;2019-10-21T15:00:02+00:00;Hunger and unhappiness;Tanmoy Goswami
https://thecorrespondent.com/79/death-is-a-good-way-to-gauge-who-we-think-deserves-to-live/10457937050-0859a8c6;2019-10-22T10:04:09+00:00;Death is a good way to gauge who we think deserves to live;OluTimehin Adegbeye
https://thecorrespondent.com/80/fathering/10590521040-a4a5ab13;2019-10-22T15:00:02+00:00;Fathering;Irene Caselli
https://thecorrespondent.com/81/children-are-a-quarter-of-the-worlds-population-imagine-urban-planning-from-their-point-of-view/10722902553-6c5669e4;2019-10-23T10:00:02+00:00;Children are a quarter of the world’s population. Imagine urban planning from their point of view;Irene Caselli
https://thecorrespondent.com/82/is-programming-the-new-literacy/10845406264-57fc427a;2019-10-23T15:00:02+00:00;Is programming the new literacy?;Sanne Blauw
https://thecorrespondent.com/83/fighting-for-the-climate-and-then-homework-what-its-like-to-be-a-young-activist/10988516495-2b380068;2019-10-24T10:00:03+00:00;Fighting for the climate … and then homework. What it’s like to be a young activist;Nabeelah Shabbir
https://thecorrespondent.com/85/broadening-the-climate-beat/11253082170-e079d1df;2019-10-24T15:00:02+00:00;Broadening the climate beat;Eric Holthaus
https://thecorrespondent.com/86/a-neuroscientists-guide-to-what-happens-in-your-brain-when-you-feel-guilt/11385030536-5a570837;2019-10-25T10:00:03+00:00;A neuroscientist’s guide to what happens in your brain when you feel guilt;Tanmoy Goswami
https://thecorrespondent.com/87/bookmark-this-zadie-smith-in-defence-of-fiction-and-five-other-stories-for-your-weekend/713539200-139e4238;2019-10-25T22:00:02+00:00;Bookmark this! Zadie Smith in defence of fiction – and five other stories for your weekend;Eliza Anyangwe
https://thecorrespondent.com/88/remember-remember-the-12th-of-november/11649347600-92cb63eb;2019-10-25T15:00:02+00:00;Remember, remember the 12th of November;OluTimehin Adegbeye
https://thecorrespondent.com/89/techs-final-frontier-your-mind/11782182764-6ea44ec8;2019-10-28T16:00:03+00:00;Tech’s final frontier: your mind;Tanmoy Goswami
https://thecorrespondent.com/90/a-little-less-automation-a-little-more-friction-please/11903494680-3c2eeaea;2019-10-30T04:45:01+00:00;A little less automation, a little more friction, please;Sanne Blauw
https://thecorrespondent.com/91/whats-in-a-name/12046717683-c5c57d27;2019-10-29T16:00:02+00:00;What’s in a name?;Irene Caselli
https://thecorrespondent.com/92/what-do-you-do-to-make-your-life-more-in-efficient/12168016784-982589d4;2019-10-30T16:00:02+00:00;What do you do to make your life more (in)efficient?;Sanne Blauw
https://thecorrespondent.com/93/10-questions-that-explain-the-european-unions-migration-policy/12299086041-3a16f02d;2019-10-31T11:00:02+00:00;10 questions that explain the European Union’s migration policy;Maite Vermeulen
https://thecorrespondent.com/94/bookmark-this-the-maths-genius-in-the-pagalkhana-and-five-other-stories-you-ought-to-read/770950400-b7f439ca;2019-11-01T23:00:02+00:00;Bookmark this! The maths genius in the pagalkhana – and five other stories you ought to read;Eliza Anyangwe
https://thecorrespondent.com/96/five-voices-of-a-rising-sea/12709117344-a237e4d7;2019-11-01T11:00:02+00:00;Five voices of a rising sea;Eric Holthaus
https://thecorrespondent.com/97/a-poem-a-book-and-a-weary-writer/12840758150-8752682d;2019-11-01T16:00:03+00:00;A poem, a book, and a weary writer;OluTimehin Adegbeye
https://thecorrespondent.com/98/on-being-a-climate-person/12973890622-af2e1b83;2019-10-31T16:00:03+00:00;On being a “climate person”;Eric Holthaus
https://thecorrespondent.com/99/fishing-for-clean-air-and-cloth-diapers/13106023524-a9a73052;2019-11-05T16:00:03+00:00;Fishing for clean air and cloth diapers;Tanmoy Goswami
https://thecorrespondent.com/100/the-new-dot-com-bubble-is-here-its-called-online-advertising/13228924500-22d5fd24;2019-11-06T11:21:13+00:00;The new dot com bubble is here: it’s called online advertising;Jesse Frederik
https://thecorrespondent.com/101/where-are-all-the-older-people-in-stories-about-depression/13370791676-a69b04f8;2019-11-04T11:00:02+00:00;Where are all the older people in stories about depression?;Tanmoy Goswami
https://thecorrespondent.com/102/we-need-to-let-go-of-our-misguided-devotion-to-personal-agency/836563200-59f47496;2019-11-05T11:00:02+00:00;We need to let go of our misguided devotion to personal agency;Eliza Anyangwe
https://thecorrespondent.com/103/doing-the-laundry/13635295839-dfa6f9cd;2019-11-05T16:00:05+00:00;Doing the laundry;Irene Caselli
https://thecorrespondent.com/104/the-great-paradox-of-our-time-everything-is-both-better-and-worse-than-ever-before/2426955960-94b74ae9;2019-11-07T06:50:06+00:00;The great paradox of our time: everything is both better and worse than ever before;Rob Wijnberg
https://thecorrespondent.com/105/the-spirit-of-89/112529360790-c64e1dd6;2019-11-06T16:00:03+00:00;The spirit of ’89;Nesrine Malik
https://thecorrespondent.com/106/cubatao-london-and-delhi-greetings-from-the-air-pollution-frontline/8892292618-502e55ac;2019-11-08T11:43:10+00:00;Cubatão, London and Delhi: Greetings from the air pollution frontline;Sabrina Argoub
https://thecorrespondent.com/107/bookmark-this-incarceration-rates-that-will-make-your-head-spin-and-five-other-stories-that-will-expand-your-brain/877571200-6d4f20a8;2019-11-08T22:55:01+00:00;Bookmark this! Incarceration rates that will make your head spin, and five other stories that will expand your brain.;Eliza Anyangwe
https://thecorrespondent.com/110/author-jason-de-leon-on-deadly-migration-along-the-us-mexican-border/14563094150-42aab1ab;2019-11-08T05:00:02+00:00;Author Jason De Léon on deadly migration along the US-Mexican border;Nabeelah Shabbir
https://thecorrespondent.com/111/sex-problems-addiction-headache-come-to-us/14694632436-89903a32;2019-11-11T16:09:40+00:00;‘Sex problems? Addiction? Headache? Come to us!’;Tanmoy Goswami
https://thecorrespondent.com/113/first-eat-the-live-frog-and-two-other-good-habits-to-start-your-day/1737714-38627830;2019-11-11T12:43:49+00:00;First, eat the live frog (and two other good habits to start your day);Ernst-Jan Pfauth
https://thecorrespondent.com/114/who-can-afford-to-become-a-mother/15091492482-480bb44a;2019-11-12T16:00:03+00:00;Who can afford to become a mother?;Irene Caselli
https://thecorrespondent.com/115/how-the-things-we-dont-remember-shape-us-just-as-much-as-those-we-do/15223873995-658aa02c;2019-11-12T11:00:02+00:00;How the things we don’t remember shape us just as much as those we do;Irene Caselli
https://thecorrespondent.com/116/if-a-politician-can-say-something-in-280-characters-perhaps-they-shouldnt-say-it-at-all/124318150968-2fb6a758;2019-11-13T11:00:03+00:00;If a politician can say something in 280 characters, perhaps they shouldn’t say it at all;Nesrine Malik
https://thecorrespondent.com/117/colonialism-in-the-decor-we-cant-keep-sweeping-the-past-under-the-leopard-skin-rug/127445175000-dd997eaa;2019-11-14T11:00:02+00:00;Colonialism in the decor: we can’t keep sweeping the past under the leopard skin rug;Elliot Ross
https://thecorrespondent.com/119/maricela-was-here/15753095050-982d21ed;2019-11-15T16:44:05+00:00;Maricela was here;OluTimehin Adegbeye
https://thecorrespondent.com/120/the-british-are-going-to-miss-europe-not-for-what-it-is-but-for-what-its-not/2800333800-6a928abc;2019-11-19T11:00:02+00:00;The British are going to miss Europe. Not for what it is, but for what it’s not;Rob Wijnberg
https://thecorrespondent.com/121/tales-from-the-border-rewriting-the-narrative-of-the-anonymous-migrant/16017852950-c2bc00f3;2019-11-15T11:00:02+00:00;Tales from the border: rewriting the narrative of the anonymous migrant;OluTimehin Adegbeye
https://thecorrespondent.com/122/bookmark-this-how-to-perform-necromancy-and-five-other-stories-for-your-weekend/1000595200-8c82da2c;2019-11-15T22:55:01+00:00;Bookmark this! How to perform necromancy – and five other stories for your weekend;Eliza Anyangwe
https://thecorrespondent.com/123/the-promise-of-climatetwitter/16283556597-546a7583;2019-11-15T16:10:39+00:00;The promise of #ClimateTwitter;Eric Holthaus
https://thecorrespondent.com/124/how-did-you-come-out/16415625424-d9e7148c;2019-11-18T16:00:03+00:00;How did you come out?;Tanmoy Goswami
https://thecorrespondent.com/125/the-non-sense-of-online-advertising-when-the-numbers-dont-add-up/267513125-ebeb97f2;2019-11-18T11:16:44+00:00;The (non)sense of online advertising: when the numbers don’t add up;Maurits Martijn
https://thecorrespondent.com/127/childhood-pictures/16812452151-cf8636fb;2019-11-19T16:00:02+00:00;Childhood pictures;Irene Caselli
https://thecorrespondent.com/128/lets-remember-the-day-play-went-from-being-a-privilege-to-a-right/16944833664-c43608cd;2019-11-20T11:07:19+00:00;Let’s remember the day play went from being a privilege to a right;Irene Caselli
https://thecorrespondent.com/129/where-are-all-the-non-white-non-fiction-women-writers/138250357542-eea10cdd;2019-11-20T16:00:03+00:00;Where are all the non-white non-fiction women writers?;Nesrine Malik
https://thecorrespondent.com/130/the-time-has-come-to-take-the-self-out-of-self-care/17209929880-6c701074;2019-11-21T11:00:02+00:00;The time has come to take the self out of self-care;Tanmoy Goswami
https://thecorrespondent.com/131/on-doing-enough/17342649709-79261eb7;2019-11-21T16:00:02+00:00;On doing enough;Eric Holthaus
https://thecorrespondent.com/132/these-invisible-lines/17474021400-4a1244b8;2019-11-22T16:00:03+00:00;These invisible lines;OluTimehin Adegbeye
https://thecorrespondent.com/133/why-the-name-of-your-street-is-a-sign-of-the-times-and-what-to-do-about-it/144873575000-a27bcf63;2019-11-22T11:02:01+00:00;Why the name of your street is a sign of the times – and what to do about it;Elliot Ross
https://thecorrespondent.com/134/bookmark-this-the-uplifting-power-of-creativity-and-five-other-stories-for-the-weekend/1099014400-25bab7ee;2019-11-22T22:55:02+00:00;Bookmark this! The uplifting power of creativity – and five other stories for the weekend;Eliza Anyangwe
https://thecorrespondent.com/135/a-fine-week-for-mental-health-hint/17871850260-225ea4f3;2019-11-25T16:00:03+00:00;A fine week for mental health! (Hint: $$$);Tanmoy Goswami
https://thecorrespondent.com/136/want-to-make-sense-of-migration-ask-the-people-who-stayed-behind/17985760232-237b9ebe;2019-11-25T11:00:02+00:00;Want to make sense of migration? Ask the people who stayed behind;Maite Vermeulen
https://thecorrespondent.com/137/in-thanksgiving/18136969543-1ef254e2;2019-11-28T16:00:03+00:00;In Thanksgiving;Eric Holthaus
https://thecorrespondent.com/139/why-im-wasting-my-time-writing-about-children/18401030307-466f5f50;2019-11-26T16:00:02+00:00;"Why I’m ""wasting my time"" writing about children";Irene Caselli
https://thecorrespondent.com/140/the-case-against-civility-who-is-your-niceness-really-helping/1148224000-8f2727a7;2019-11-26T11:07:48+00:00;The case against civility: who is your niceness really helping?;Eliza Anyangwe
https://thecorrespondent.com/141/factchecking-politicians-the-good-the-bad-and-the-funny/151110855918-75bc0d32;2019-12-04T16:00:03+00:00;Factchecking politicians: the good, the bad, and the funny;Nesrine Malik
https://thecorrespondent.com/142/how-governments-use-the-internet-to-crush-online-dissent/18607103196-db0c0dab;2019-11-27T11:00:02+00:00;How governments use the internet to crush online dissent;Morgan Meaker
https://thecorrespondent.com/143/when-good-reporting-wont-put-bad-things-right/135562149866-cb014a64;2019-11-28T11:00:02+00:00;When good reporting won’t put bad things right;Joris Luyendijk
https://thecorrespondent.com/144/the-documentary-ihuman-adds-on-to-the-ai-hype/19045591488-954bde11;2019-11-28T15:00:03+00:00;The documentary iHuman adds on to the AI hype;Sanne Blauw
https://thecorrespondent.com/146/the-learning-curve/19327326700-a673afa6;2019-11-29T16:00:03+00:00;The learning curve;OluTimehin Adegbeye
https://thecorrespondent.com/147/borders-dont-just-keep-people-out-they-define-their-worth/19459705650-bbf0f324;2019-12-02T11:00:04+00:00;Borders don’t just keep people out. They define their worth;OluTimehin Adegbeye
https://thecorrespondent.com/148/do-you-grieve-on-twitter-and-insta/19592843248-383767a2;2019-12-02T16:00:03+00:00;Do you grieve on Twitter and Insta?;Tanmoy Goswami
https://thecorrespondent.com/149/bookmark-this-the-untold-story-of-a-life-not-lived-and-five-other-stories-for-your-weekend/1222038400-595fc86c;2019-11-29T22:45:03+00:00;Bookmark this! The untold story of a life not lived – and five other stories for your weekend;Eliza Anyangwe
https://thecorrespondent.com/150/a-breakdown-of-europes-eur1-5bn-migration-spending-in-nigeria/19837235550-e86e62a5;2019-12-09T04:45:05+00:00;A breakdown of Europe’s €1.5bn migration spending in Nigeria;Maite Vermeulen
https://thecorrespondent.com/151/reading-time/19989608463-ce5a9886;2019-12-03T16:00:02+00:00;Reading time;Irene Caselli
https://thecorrespondent.com/152/meet-julian-brave-noisecat-the-26-year-old-shaping-us-climate-policy/20122769128-6ac4dd6a;2019-12-03T11:00:02+00:00;Meet Julian Brave NoiseCat – the 26-year-old shaping US climate policy;Eric Holthaus
https://thecorrespondent.com/153/coming-right-up-after-the-break-why-most-tv-ads-are-a-waste-of-money/20240254485-4b41de3b;2019-12-04T11:00:02+00:00;Coming right up after the break ... why most TV ads are a waste of money;Jesse Frederik
https://thecorrespondent.com/154/europe-spends-billions-stopping-migration-good-luck-figuring-out-where-the-money-actually-goes/20366228498-b2c9baad;2019-12-09T04:45:03+00:00;Europe spends billions stopping migration. Good luck figuring out where the money actually goes;Maite Vermeulen
https://thecorrespondent.com/155/what-makes-you-hopeful-about-ai/20500463060-071982dc;2019-12-04T16:00:02+00:00;What makes you hopeful about AI?;Sanne Blauw
https://thecorrespondent.com/157/what-can-twitter-learn-from-mentalhealth-twitter/20784299932-d0bb6003;2019-12-09T16:00:03+00:00;What can Twitter learn from #MentalHealth Twitter?;Tanmoy Goswami
https://thecorrespondent.com/158/callout-what-are-your-end-of-year-traditions/1295852800-01ce60db;2019-12-05T11:00:01+00:00;Callout: what are your end-of-year traditions?;Eliza Anyangwe
https://thecorrespondent.com/159/i-usually-dont-like-surprises/21048253050-b46df7cc;2019-12-06T16:00:02+00:00;I usually don’t like surprises;OluTimehin Adegbeye
https://thecorrespondent.com/160/bookmark-this-a-mesmerising-tour-of-the-worlds-oceans-and-five-other-stories-for-your-weekend/1312256000-f0027de3;2019-12-06T22:55:02+00:00;Bookmark this! A mesmerising tour of the world’s oceans – and five other stories for your weekend;Eliza Anyangwe
https://thecorrespondent.com/161/the-great-cop-out-why-the-un-climate-summit-still-matters/21314248879-f4fadb7b;2019-12-06T11:00:01+00:00;The great COP-out? Why the UN climate summit still matters;Eric Holthaus
https://thecorrespondent.com/162/leaving-crumbs-behind/21445805106-494b1c67;2019-12-10T16:00:03+00:00;Leaving crumbs behind;Irene Caselli
https://thecorrespondent.com/163/climate-journalism-needs-to-be-low-carbon-journalism/21579022157-03360e69;2019-12-12T16:00:03+00:00;Climate journalism needs to be low-carbon journalism;Eric Holthaus
https://thecorrespondent.com/164/science-shows-forgiveness-really-is-a-medicine/21710988464-8bdc8630;2019-12-10T11:00:03+00:00;Science shows forgiveness really is a medicine;Tanmoy Goswami
https://thecorrespondent.com/165/saudi-arabia-wants-us-to-think-its-liberalising-but-dont-believe-the-pr/176831852670-6f59f47f;2019-12-11T16:00:03+00:00;Saudi Arabia wants us to think it’s liberalising – but don’t believe the PR;Nesrine Malik
https://thecorrespondent.com/166/how-the-eu-created-a-crisis-in-africa-and-started-a-migration-cartel/21953207342-46c48098;2019-12-11T04:45:02+00:00;How the EU created a crisis in Africa – and started a migration cartel ;Maite Vermeulen
https://thecorrespondent.com/168/merry-christmas-to-my-library/22239663600-5d01c127;2019-12-13T16:00:03+00:00;Merry Christmas to my library;OluTimehin Adegbeye
https://thecorrespondent.com/169/press-release-how-the-eu-created-a-crisis-in-africa-and-started-a-migration-cartel/22349952053-6eefeb70;2019-12-11T04:45:04+00:00;Press release: How the EU created a crisis in Africa – and started a migration cartel;Maite Vermeulen
https://thecorrespondent.com/170/trauma-can-be-inherited-we-need-to-understand-what-were-passing-on/22504857210-6c7f000e;2019-12-12T11:38:32+00:00;Trauma can be inherited. We need to understand what we’re passing on;Irene Caselli
https://thecorrespondent.com/171/im-speaking-at-the-european-parliament-about-ai-discrimination-watch-it-online-here/22616639892-8e87a2a3;2019-12-11T17:00:02+00:00;I’m speaking at the European parliament about AI discrimination. Watch it online here;Sanne Blauw
https://thecorrespondent.com/172/the-eu-bypasses-public-tenders-in-africa-this-is-what-the-eus-financial-watchdog-has-to-say/22746696764-60a8bd44;2019-12-12T13:00:03+00:00;The EU bypasses public tenders in Africa. This is what the EU’s financial watchdog has to say;Maite Vermeulen
https://thecorrespondent.com/173/2019-was-the-year-of-protestors-they-told-us-why/22903775345-8fe3afdf;2019-12-16T11:00:03+00:00;2019 was the year of protestors. They told us why;Nabeelah Shabbir
https://thecorrespondent.com/174/i-cant-remember-a-sober-christmas-this-year-will-be-my-first/194180328078-a3926510;2019-12-14T05:00:03+00:00;I can’t remember a sober Christmas. This year will be my first;Joan Westenberg
https://thecorrespondent.com/175/bookmark-this-how-to-save-democracy-and-five-other-stories-for-your-weekend/1435280000-573c5222;2019-12-13T22:55:02+00:00;Bookmark this! How to save democracy – and five other stories for your weekend;Eliza Anyangwe
https://thecorrespondent.com/176/meet-fiza-pirani-immigrant-mental-health-champion/23299597376-1002d99c;2019-12-16T16:00:03+00:00;Meet Fiza Pirani, immigrant mental health champion;Tanmoy Goswami
https://thecorrespondent.com/177/the-biggest-story-in-the-uk-is-not-brexit-its-life-expectancy/197470651092-d2e0df85;2019-12-16T11:00:03+00:00;The biggest story in the UK is not Brexit. It’s life expectancy;Danny Dorling
https://thecorrespondent.com/178/welcome-to-the-member-quarterly/23557978532-ba3da913;2019-12-17T11:00:03+00:00;Welcome to the Member Quarterly;Carmen Schaack
https://thecorrespondent.com/179/as-a-feminist-i-thought-princesses-were-the-worst-then-my-daughter-wanted-to-be-one/23680692409-c5edca28;2019-12-17T11:00:03+00:00;As a feminist, I thought princesses were the worst. Then my daughter wanted to be one;Lynn Berger
https://thecorrespondent.com/180/we-need-to-end-the-stigma-around-menstruation-period/23828672340-0308eb52;2019-12-17T16:00:03+00:00;We need to end the stigma around menstruation. Period;Irene Caselli
https://thecorrespondent.com/181/its-the-identity-politics-stupid/193979183838-a503d9d7;2019-12-18T16:00:02+00:00;It’s the identity politics, stupid;Nesrine Malik
https://thecorrespondent.com/182/sudans-reception-of-syrian-refugees-proves-popular-will-matters-more-than-economic-might/195050892036-871bd88a;2019-12-18T11:00:02+00:00;Sudan’s reception of Syrian refugees proves popular will matters more than economic might;Nesrine Malik
https://thecorrespondent.com/183/will-ai-make-muppets-of-us-all/24203772516-2e363416;2019-12-18T16:00:02+00:00;Will AI make muppets of us all?;Sanne Blauw
https://thecorrespondent.com/184/love-sex-and-lust-are-all-completely-normal/24357726800-fb648ade;2019-12-20T16:00:02+00:00;Love, sex and lust are all completely normal;OluTimehin Adegbeye
https://thecorrespondent.com/185/lawyers-are-going-to-court-to-stop-climate-change-and-it-might-just-work/9957255-1fcd8336;2019-12-19T04:45:02+00:00;Lawyers are going to court to stop climate change. And it might just work;Jelmer Mommers
https://thecorrespondent.com/186/slowing-down-to-speed-up-the-fight-against-climate-change/24623914854-f6c4686d;2019-12-19T16:00:03+00:00;Slowing down to speed up the fight against climate change;Eric Holthaus
https://thecorrespondent.com/187/happy-new-year-this-is-what-makes-you-hopeful-about-ai/24732816724-5211ae4b;2020-01-01T16:00:02+00:00;Happy new year! This is what makes you hopeful about AI;Sanne Blauw
https://thecorrespondent.com/188/the-small-wonderful-ways-ai-is-changing-our-lives-for-the-better/24865077776-04412af3;2020-01-01T11:00:02+00:00;The small wonderful ways AI is changing our lives for the better;Sanne Blauw
https://thecorrespondent.com/189/lessons-on-freedom-of-movement-from-a-stowaway/25019621550-7cc67e07;2019-12-20T11:00:02+00:00;Lessons on freedom of movement from a stowaway;OluTimehin Adegbeye
https://thecorrespondent.com/190/is-this-a-joke-the-angry-email-that-helped-define-my-beat/25152974440-2f5d531e;2019-12-23T11:00:02+00:00;‘Is this a joke?’ The angry email that helped define my beat;Tanmoy Goswami
https://thecorrespondent.com/191/a-match-made-in-evin-an-encounter-that-showed-me-no-story-is-too-small-to-tell/25284868983-0e7e10ce;2019-12-24T11:00:02+00:00;A match made in Evin: an encounter that showed me no story is too small to tell;Irene Caselli
https://thecorrespondent.com/192/bookmark-this-science-made-beautiful-and-five-other-stories-for-your-weekend/1574707200-2c8defef;2019-12-20T22:55:02+00:00;Bookmark this! Science made beautiful – and five other stories for your weekend;Eliza Anyangwe
https://thecorrespondent.com/193/indias-protesting-students-have-found-an-unlikely-ally-therapists/25550126668-8e117e07;2019-12-21T11:00:02+00:00;India’s protesting students have found an unlikely ally: therapists ;Tanmoy Goswami
https://thecorrespondent.com/194/thanks-to-this-landmark-court-ruling-climate-action-is-now-inseparable-from-human-rights/10441662-bbc4c291;2019-12-20T17:22:21+00:00;Thanks to this landmark court ruling, climate action is now inseparable from human rights;Jelmer Mommers
https://thecorrespondent.com/195/the-un-climate-conference-has-failed-what-now/25815394605-31a939c0;2019-12-23T11:00:02+00:00;The UN climate conference has failed. What now?;Eric Holthaus
https://thecorrespondent.com/196/moving-mindfully-and-mending-self-care-in-a-climate-emergency/25947781244-0563cdc6;2019-12-25T11:00:01+00:00;Moving mindfully and mending: self-care in a climate emergency;Eric Holthaus
https://thecorrespondent.com/197/more-divided-than-ever-the-truth-is-we-agree-much-more-than-we-think-we-do/4597214655-ce696a11;2019-12-24T16:00:02+00:00;More divided than ever? The truth is we agree much more than we think we do;Rob Wijnberg
https://thecorrespondent.com/198/all-lies-matter-the-gift-of-the-pro-truth-pledge/212198223204-d9530f32;2019-12-27T11:00:02+00:00;All lies matter: the gift of the Pro-Truth Pledge;Nesrine Malik
https://thecorrespondent.com/199/normality-is-in-the-eye-of-the-beholder/26343411050-96a010d8;2019-12-31T11:00:02+00:00;Normality is in the eye of the beholder;OluTimehin Adegbeye
https://thecorrespondent.com/200/the-empire-sends-back-and-other-headlines-we-vetoed-in-2019/26477840400-72854a7f;2019-12-31T11:00:02+00:00;‘The empire sends back’ – and other headlines we vetoed in 2019;Imogen Champagne
https://thecorrespondent.com/201/view-of-a-years-end-celebrating-across-cultures/26610744765-13f808e5;2019-12-30T11:00:02+00:00;View of a year’s end: celebrating across cultures;Nabeelah Shabbir
https://thecorrespondent.com/202/callout-help-decide-what-we-read-next-for-our-book-club-the-other-shelf/26740547900-6fcfc66a;2019-12-28T11:00:01+00:00;Callout: Help decide what we read next for our book club, The Other Shelf;OluTimehin Adegbeye
https://thecorrespondent.com/203/bookmark-this-the-best-of-the-correspondent-in-2019/1664924800-157a4379;2019-12-27T22:55:02+00:00;Bookmark this! The best of The Correspondent in 2019;Eliza Anyangwe
https://thecorrespondent.com/204/from-boys-to-feminists-raising-a-gender-free-child/27005828652-3ea6b7e1;2020-01-02T11:00:02+00:00;From boys to feminists: raising a gender-free child;Irene Caselli
https://thecorrespondent.com/205/2019-was-a-year-of-global-unrest-heres-what-protestors-want-you-to-know/27140311825-47931319;2020-01-03T11:00:01+00:00;2019 was a year of global unrest. Here’s what protestors want you to know;Nabeelah Shabbir
https://thecorrespondent.com/206/bookmark-this-getting-lost-and-found-in-translation-and-five-other-stories-for-your-weekend/1689529600-3003f713;2020-01-03T22:55:02+00:00;Bookmark this! Getting lost and found in translation – and five other stories for your weekend;Eliza Anyangwe
https://thecorrespondent.com/207/our-members-have-spoken-this-is-what-i-will-write-about-in-2020/27403503732-46f019a9;2020-01-06T16:00:02+00:00;Our members have spoken. This is what I will write about in 2020;Tanmoy Goswami
https://thecorrespondent.com/208/the-horror-of-australias-fires-is-made-worse-knowing-we-could-have-prevented-them/27536954016-9a5adee1;2020-01-04T11:00:02+00:00;The horror of Australia’s fires is made worse knowing we could have prevented them;Imogen Champagne
https://thecorrespondent.com/209/australia-fires-covering-current-events-the-correspondent-way/1714134400-ffd450bd;2020-01-04T11:00:02+00:00;Australia fires: covering current events, The Correspondent way;Eliza Anyangwe
https://thecorrespondent.com/210/given-up-sugar-great-now-its-time-to-cut-the-news-from-your-diet/236004166860-42805660;2020-01-06T11:04:10+00:00;Given up sugar? Great, now it’s time to cut the news from your diet;Rolf Dobelli
https://thecorrespondent.com/211/the-modern-workplace-is-toxic-we-need-to-overhaul-how-we-think-about-mental-health-at-work/27933040036-94c6b109;2020-01-07T11:00:02+00:00;The modern workplace is toxic. We need to overhaul how we think about mental health at work;Tanmoy Goswami
https://thecorrespondent.com/212/lets-talk-about-sex-baby-and-gender-too/28064880756-b5d54b95;2020-01-07T16:00:03+00:00;Let’s talk about sex, baby (and gender, too);Irene Caselli
https://thecorrespondent.com/213/what-happens-to-migrants-who-are-sent-back-i-spent-a-year-following-12-people-to-find-out/28168874481-35612b42;2020-01-09T11:00:02+00:00;What happens to migrants who are sent back? I spent a year following 12 people to find out;Maite Vermeulen
https://thecorrespondent.com/214/in-2030-we-ended-the-climate-emergency-heres-how/28330740746-6b15af77;2020-01-08T11:00:02+00:00;In 2030, we ended the climate emergency. Here’s how;Eric Holthaus
https://thecorrespondent.com/215/dont-just-shut-up-act/230417262570-2e9d3c6a;2020-01-08T16:00:02+00:00;Don’t just shut up – act;Nesrine Malik
https://thecorrespondent.com/216/may-the-year-lay-eggs/28593853200-1e728c62;2020-01-10T16:00:02+00:00;May the year lay eggs;OluTimehin Adegbeye
https://thecorrespondent.com/217/yes-digital-ids-are-efficient-but-theyre-a-threat-to-our-very-identities/243616802275-e794b497;2020-01-10T11:00:02+00:00;Yes, digital IDs are efficient. But they’re a threat to our very identities;Zara Rahman
https://thecorrespondent.com/218/the-necessity-of-imagining-a-better-world/28860287302-42e5b9ef;2020-01-09T16:28:15+00:00;The necessity of imagining a better world;Eric Holthaus
https://thecorrespondent.com/219/what-ill-be-writing-about-in-2020-and-how-you-can-help/28991551347-edc0fa23;2020-01-14T16:00:03+00:00;What I’ll be writing about in 2020 – and how you can help;Irene Caselli
https://thecorrespondent.com/220/finland-isnt-moving-to-a-four-day-work-week-and-thats-not-a-tragedy/29124496720-8a8c4eb5;2020-01-13T16:00:02+00:00;Finland isn’t moving to a four-day work week. And that’s not a tragedy;Tanmoy Goswami
https://thecorrespondent.com/221/callout-join-my-first-1-000-days-advisory-board/29256314373-956c9006;2020-01-11T11:00:02+00:00;Callout: Join my first 1,000 days advisory board;Irene Caselli
https://thecorrespondent.com/222/the-history-of-tea-is-darker-than-a-builders-brew/241819050000-1ac517ec;2020-01-13T11:57:03+00:00;The history of tea is darker than a builder’s brew;Elliot Ross
https://thecorrespondent.com/223/through-song-passion-and-protest-varshini-prakashs-sunrise-movement-is-changing-us-climate-politics/29522220497-edc1ecad;2020-01-14T11:00:02+00:00;Through song, passion and protest, Varshini Prakash’s Sunrise Movement is changing US climate politics;Eric Holthaus
https://thecorrespondent.com/224/bookmark-this-how-instagram-shapes-our-cities-and-five-other-stories-for-your-weekend/1837158400-24e75508;2020-01-10T22:55:02+00:00;Bookmark this! How Instagram shapes our cities – and five other stories for your weekend;Eliza Anyangwe
https://thecorrespondent.com/225/callout-help-me-build-a-new-guidebook-for-mental-health-in-the-workplace/29786417100-629f225d;2020-01-14T11:00:02+00:00;Callout: Help me build a new guidebook for mental health in the workplace;Tanmoy Goswami
https://thecorrespondent.com/226/who-gets-to-decide-whos-a-patriotic-soldier-and-whos-a-terrorist/242206052748-986251e6;2020-01-15T16:00:03+00:00;Who gets to decide who’s a patriotic soldier and who’s a terrorist?;Nesrine Malik
https://thecorrespondent.com/227/wisdom-of-the-crowd-four-lessons-from-10-years-of-documenting-social-movements/256407845914-c6d77eb3;2020-01-15T11:00:02+00:00;Wisdom of the crowd: four lessons from 10 years of documenting social movements;Esra'a Al Shafei
https://thecorrespondent.com/228/podcast-can-you-quit-the-news-and-still-change-the-world/5320634220-b3d6f4e8;2020-01-16T04:45:02+00:00;Podcast: Can you quit the news and still change the world?;Rob Wijnberg
https://thecorrespondent.com/229/bookmark-this-the-science-behind-romantic-rejection-and-five-other-stories-for-your-weekend/1878166400-fcd43231;2020-01-17T22:55:01+00:00;Bookmark this! The science behind romantic rejection – and five other stories for your weekend;Eliza Anyangwe
https://thecorrespondent.com/230/heres-why-there-is-such-a-buzz-about-farming-insects-to-feed-animals/250546808270-8db08af4;2020-01-20T11:00:02+00:00;Here’s why there is such a buzz about farming insects – to feed animals;Emilie Filou
https://thecorrespondent.com/231/why-i-cant-staple-with-youtube-or-the-problem-with-machine-translation/30552303012-5c7d8047;2020-01-15T16:00:03+00:00;Why I can’t staple with YouTube (or, the problem with machine translation);Sanne Blauw
https://thecorrespondent.com/232/repeat-this-truth-you-deserve-a-better-world/30713700248-89dc6e07;2020-01-16T16:00:02+00:00;Repeat this truth: you deserve a better world;Eric Holthaus
https://thecorrespondent.com/233/mind-your-othering-language/30844295350-29f05570;2020-01-17T16:00:02+00:00;Mind your (othering) language;OluTimehin Adegbeye
https://thecorrespondent.com/234/democrat-or-republican-on-the-big-polarising-issues-you-actually-agree/30979073268-4c57fc95;2020-01-17T11:00:02+00:00;Democrat or Republican, on the big polarising issues, you actually agree;Zaid Jilani
https://thecorrespondent.com/235/europe-is-the-promised-land-and-nothing-will-convince-these-migrants-otherwise/31078335695-31614e0c;2020-01-18T11:08:17+00:00;Europe is the promised land – and nothing will convince these migrants otherwise;Maite Vermeulen
https://thecorrespondent.com/236/this-entrepreneur-has-four-smart-insights-on-workplace-mental-health/31242641936-d06a24e9;2020-01-20T16:00:02+00:00;This entrepreneur has four smart insights on workplace mental health;Tanmoy Goswami
https://thecorrespondent.com/237/transnational-chat-why-do-we-still-need-the-news/31376848305-c0991752;2020-01-20T11:00:02+00:00;Transnational chat: why do we still need the news?;Nabeelah Shabbir
https://thecorrespondent.com/238/the-benefits-of-making-mistakes/31506800094-3473c78a;2020-01-21T16:00:02+00:00;The benefits of making mistakes;Irene Caselli
https://thecorrespondent.com/239/apparently-protest-is-a-form-of-therapy-so-i-thought-id-try-it-myself/31639794164-ea07e11a;2020-01-21T11:00:02+00:00;Apparently, protest is a form of therapy. So I thought I’d try it myself;Tanmoy Goswami
https://thecorrespondent.com/240/war-of-the-words-how-europe-is-exporting-its-migration-philosophy/31739576880-b506ad0d;2020-01-22T11:00:02+00:00;War of the words: how Europe is exporting its migration philosophy;Maite Vermeulen
https://thecorrespondent.com/241/is-corruption-just-a-question-of-geography/258281675718-9b84f934;2020-01-22T16:00:02+00:00;Is corruption just a question of geography?;Nesrine Malik
https://thecorrespondent.com/242/the-coldest-week-of-the-year/32037566638-898567d0;2020-01-23T16:00:02+00:00;The coldest week of the year;Eric Holthaus
https://thecorrespondent.com/243/my-government-is-evicting-people-heres-how-you-can-help/32168084850-bb1375f0;2020-01-24T16:00:03+00:00;My government is evicting people. Here’s how you can help;OluTimehin Adegbeye
https://thecorrespondent.com/244/when-artificial-intelligence-lost-in-translation-is/32271696688-aef1110e;2020-01-23T04:45:01+00:00;When artificial intelligence lost in translation is;Sanne Blauw
https://thecorrespondent.com/245/no-matter-what-you-think-of-protesters-you-have-them-to-thank-for-societys-progress/32432842750-005740a8;2020-01-24T11:00:02+00:00;No matter what you think of protesters, you have them to thank for society’s progress;OluTimehin Adegbeye
https://thecorrespondent.com/246/bookmark-this-60-words-that-led-to-war-and-five-other-stories-for-your-weekend/2017593600-b8fee389;2020-01-24T22:55:01+00:00;Bookmark this! 60 words that led to war – and five other stories for your weekend;Eliza Anyangwe
https://thecorrespondent.com/247/translation-machines-are-totally-you-of-it/32668479844-ab3b9fb2;2020-01-24T16:00:03+00:00;Translation machines are totally you of it!;Sanne Blauw
https://thecorrespondent.com/248/no-gifting-cars-to-your-employees-wont-make-you-an-extraordinary-grand-massive-unique-company/32831250848-0d28c574;2020-01-27T16:00:02+00:00;No, gifting cars to your employees won’t make you an ‘extraordinary’, ‘grand’, ‘massive’, ‘unique’ company;Tanmoy Goswami
https://thecorrespondent.com/252/from-australia-to-chile-and-gran-canaria-greetings-from-the-fire-frontlines/285715520244-44bd141d;2020-01-27T11:06:45+00:00;From Australia to Chile and Gran Canaria, greetings from the fire frontlines;Jacinta Molina
https://thecorrespondent.com/253/europes-great-migration-illusion-money-that-creates-more-problems-than-it-solves/33458803961-f086ebb6;2020-01-28T04:45:02+00:00;Europe’s great migration illusion: money that creates more problems than it solves;Maite Vermeulen
https://thecorrespondent.com/254/why-vagina-should-be-part-of-everyones-vocabulary/33624904302-ce32a238;2020-01-28T16:00:02+00:00;Why ‘vagina’ should be part of everyone’s vocabulary;Irene Caselli
https://thecorrespondent.com/255/politics-motherhood-and-resistance-on-the-reservation/33756632250-dfffd237;2020-01-29T11:00:02+00:00;Happening now! Book club live chat: politics, motherhood and resistance on the reservation;OluTimehin Adegbeye
https://thecorrespondent.com/256/listening-to-the-people-on-the-frontlines-of-the-climate-emergency/33890979584-2768ed8d;2020-01-30T16:00:02+00:00;Listening to the people on the frontlines of the climate emergency;Eric Holthaus
https://thecorrespondent.com/257/an-algorithm-is-taken-to-court-in-the-netherlands/33991090364-ecc6d4f8;2020-01-29T16:00:03+00:00;An algorithm is taken to court in the Netherlands;Sanne Blauw
https://thecorrespondent.com/258/food-for-thought-on-the-coronavirus-we-need-communal-solidarity-in-the-face-of-a-common-threat/276500715084-b5d940b7;2020-01-29T16:00:02+00:00;Food for thought on the coronavirus: we need communal solidarity in the face of a common threat;Nesrine Malik
https://thecorrespondent.com/259/a-manifesto-of-love/34286148050-c2952030?fbclid=IwAR1a-IIvbpT8rEy3Qq4Yy-XazBP75K6oRYBA6VLRb5IirY1gkOmbCLCDy1E;2020-01-31T16:00:02+00:00;A manifesto of love;OluTimehin Adegbeye
https://thecorrespondent.com/260/yes-we-still-need-the-news-but-it-needs-to-be-done-differently/34421858900-39cd8439;2020-01-30T11:50:24+00:00;Yes, we still need the news. But it needs to be done differently;Nabeelah Shabbir
https://thecorrespondent.com/261/brexit-by-a-thousand-cuts-after-47-years-the-uk-leaves-the-eu-with-a-whimper/279715839678-98d3fbee;2020-01-31T11:24:17+00:00;Brexit by a thousand cuts: after 47 years, the UK leaves the EU with a whimper;Nesrine Malik
https://thecorrespondent.com/264/in-your-next-job-bargain-for-free-therapy/34949396064-64da70b1;2020-02-03T16:00:02+00:00;In your next job, bargain for free therapy;Tanmoy Goswami
https://thecorrespondent.com/265/why-bernie-sanders-is-the-best-climate-candidate-in-the-us-and-four-voting-tips-for-climate-action/35082459335-40f6a809;2020-02-01T11:00:02+00:00;Why Bernie Sanders is the best climate candidate in the US (and four voting tips for climate action) ;Eric Holthaus
https://thecorrespondent.com/266/bookmark-this-how-to-build-a-nation-of-cyclists-and-five-other-stories-for-your-weekend/2181625600-aac74e8f;2020-01-31T22:55:01+00:00;Bookmark this! How to build a nation of cyclists – and five other stories for your weekend;Eliza Anyangwe
https://thecorrespondent.com/267/mental-toughness-is-overrated-a-world-cup-winning-coach-debunks-sports-most-sacred-trait/35346548292-ff756ba5;2020-02-03T11:04:24+00:00;Mental toughness is overrated: a World Cup-winning coach debunks sport’s most sacred trait;Tanmoy Goswami
